"Carimbo de data/hora","Nome de usuário","Nome do bolsista","Mês da reposição","Semana da reposição","Envie sua reposição"
"2019/08/22 1:42:26 AM GMT","luana@alu.ufc.br","Paula Luana","08","33","https://drive.google.com/open?usp=forms_web&id=1oaxvGgalN0v_edCpzbsAgybqeTJI5YED"
"2019/08/31 6:40:25 PM GMT","caiocmedeiros@hotmail.com","Caio Caminha Medeiros","08","34","https://drive.google.com/open?usp=forms_web&id=1PXd2Z-Vh0zs6TfVp0Alv48F1UNG0jgvE"
"2019/09/01 7:16:35 PM GMT","racheloliveira07@gmail.com","Raquel de Oliveira Barroso","08","34","https://drive.google.com/open?usp=forms_web&id=1fFy5rUQjw_L1RvDRkknnxelFk_ynORTt"
"2019/09/24 4:09:32 PM GMT","marisa296@gmail.com","Marisa do Carmo Silva","Setembro","38","https://drive.google.com/open?usp=forms_web&id=1Au5uKrhpRa-GCQC83tUc2iZjPYuh6wXK"
"2019/09/25 7:39:52 PM GMT","luzia.nog94@gmail.com","Luzia Nogueira","setembro","37","https://drive.google.com/open?usp=forms_web&id=1FKNqRFwdPpV07HNURCaiVpszDl6Ka8vw"
"2019/09/26 3:25:39 AM GMT","shelidacrislane@gmail.com","Shelida Crislane","setembro","36","https://drive.google.com/open?usp=forms_web&id=1zanLAFnmRveru7lI4yK-tF4BhKdb3LRo;https://drive.google.com/open?usp=forms_web&id=1qeGxFalEgsqmcMKc74UylHt7fc6hPhFp;https://drive.google.com/open?usp=forms_web&id=1PZPcSWhT5GU3zYtGHM3hmaI2iuQr7ngx"
"2019/10/24 12:47:10 AM GMT","luana@alu.ufc.br","Paula Luana","10","41","https://drive.google.com/open?usp=forms_web&id=1QK4CZgIvXqdGsk8rDvg_SE6CJ2lFMNQc"
"2019/10/24 2:48:44 AM GMT","gabrieljosman@gmail.com","gabriel josman","setembro","39","https://drive.google.com/open?usp=forms_web&id=16O4gfUBfZLQqJW-ENNvbecVBgw-AkgJv"
"2019/11/30 2:43:16 AM GMT","larissapereira@alu.ufc.br","Larissa Pereira","Outubro","42","https://drive.google.com/open?usp=forms_web&id=1rSjHexKgbFW_qhwOe9vKSI7sDsN73q5i"